request_id,manual_concepts,pytrends_concepts,shared_concepts,manual_rows,pytrends_rows
02f5e4a10c489d02e3b05938b2fd87219f991ba220223f57d11c0e87bfe808b9,5,5,5,300,300
05165d7b4bd08df2ce76607c108e68317ef358c9404e8ba4b7abc2248bc19f4e,5,5,5,300,300
059abd04c87434403f4c71df73d102b48b021a460b9cb7f17902b947763b1100,5,5,5,300,300
05a7cf4d21d4e7d0be70328e36d1dbf210245bd189ca12be16cd95965032f4e1,5,5,5,300,300
09261991312bd5bbf1764a12794dbadfd224542cd2db235d6c144b76fe5f4dd8,5,5,5,300,300
0a5b245442c63016f23a8a9c888f5e9bec35524f566e72770558511631d5391e,5,5,5,300,300
0b381eb24501417f3ea4e8ec7b180b66777876f9510c64b62b6f955e84df5c77,5,5,5,300,300
0babc77c891ff8497b8dd9fce96032ade609559eef9aa64d06be4e91c570d18f,5,5,5,300,300
0c737e0e24234147962be0405efd335fe726f2d41fbb35a39036fa26fbcff698,5,5,5,300,300
0caf1c0892fc4759d9ed8212ea64631c6234b3d62935444405fdcd07ad23bcb5,5,5,5,300,300
0f60434ab24ce3db16de8c771cf20b9e5347283c51ea7f276272523b22b81e64,5,5,5,300,300
0f6eaf3ad6adac5d6cd9b6326869d0fe68e2c16fbae85feda13fc72cd6c29ec8,5,5,5,300,300
113aaef9ec1705ed267142184396c4d4b8fd6bcd6de573f1045578ccbd734fb0,5,5,5,300,300
1165ed50bfcdf5d4d57c89ac8f0147a5e6b1c27ea22897cb3cf27ea2c8c06a57,5,5,5,300,300
1620872e014e7ce7397c3dab06f245fd1ec9cdab43b5ff1c1bcd84a01a0955d4,5,5,5,300,300
19583e2c8287d54e0ab842b47bf3121dd2b22b1e4e9e3c80dcbd68fc713e510a,5,5,5,300,300
19dc571c317fde503447c00e243abeee4ea77d8003f759d5c2d0fd82f27f4478,5,5,5,300,300
1b5028de968ac7816a1a01e6a6fed21edc69b3ec1ecc11fd1879d694ae416530,5,5,5,300,300
1b9c26546aeb78ad29a31b94dda11f8267ba7c22811a2a4c19e28c8a94aebe58,5,5,5,300,300
1c80329752287551c5485bb2b3b08ac3e90e76ebda5665717d87daaaab910c06,5,5,5,300,300
1d2fa8400268ab86eb2821e76ba5255ee76538d65dae00d249a43d22130ef474,5,5,5,300,300
1d557847061bbf433b9cdba87a652c1afc21a304bcf3624af0398a51675a7292,5,5,5,300,300
1ec667b078bcbdb1cb17e4e08dd1d3f376af06e8cb4c3639ec4e7364db05189a,5,5,5,300,300
1fd2b590aeb7b28f0dd4b1d9d0a678a8ff94ba7e3748736cb4202c344353d6c1,5,5,5,300,300
21018cb8c83db1b22630b0f056b85549399748137d481efeed8d9e539187a278,5,5,5,300,300
214ed890a8809e78099a2d2501378fd7a9fb92cb35794f1a40f9dff828a543f2,5,5,5,300,300
24470d3b4e117332093b07a0f6f404af576cb3f57e3852ce1e0081d69b140f8d,5,5,5,300,300
25cd86846af26649a08d79e4c23e758b5eecbf55f876f1099bd9284a985970ca,5,5,5,300,300
27d472fc01aab03bdf84306d55c712dee2f963722dc524fab8164d9cae8bf7cc,5,5,5,300,300
28577e7c5b00e632dbcba7093bec1fa73f5e7c6dcc033b5c59361ca292474177,5,5,5,300,300
28c2866c3310afefe4c83073593d605eb2ed9c2f03331d034d9e10292141e171,5,5,5,300,300
29b43716b6b0ddc26bdf0cba5286262015cc9ba8931405580b93744a2c5fbad5,5,5,5,300,300
2a641891dfe0cd7c76238c7fc995a6219ffba79ed9712234101c44061b367174,5,5,5,300,300
2bb002bc385d9e5c7cbe1f7f6c7087389884d91c57f35ed14990ea5270fd5ef1,5,5,5,300,300
2becee72cdbd2ba3b1992334e11ef7aac24cb551f2a2e03ef8f4145d1ed1fccc,5,5,5,300,300
2c36a29fce09c93e85bbb69015c47c2d7a2b4a03a7ca5b3e0c7ec58b6fc011fb,5,5,5,300,300
2d8eeb7e60266ebedd349569c822b5bbab2404677a97adf07c67f48e41da951e,5,5,5,300,300
2d95cf8088d4345d1380199096bf0088e3b8f2dc18032904791ace72ab10d17e,5,5,5,300,300
2e5cb5830e641f8b101d1824d93bb8ef91d52f89ac67d5b414ae9577488b2167,5,5,5,300,300
2f325de6a999682fe719a744fb111ca75425453bd7c2ec872982a8fe2311df64,5,5,5,300,300
2f4610c365265c03833f0c86d46e5428b863c9926707290913f765d1dae27038,5,5,5,300,300
2fc0aa913837cb908c0af28f3e1be47ae4024084fc3a4454c889491942084641,5,5,5,300,300
30691c28cb7b975865f6102b300daebdf95a7c9f120fbd079bde02cbe6df7c1a,5,5,5,300,300
3124a7b93627d95b9bea9d020e66484c22842ffe18d350128dff1e818b8e55b4,5,5,5,300,300
37c37256cdaefaf61782ddd9cab6d0e388db1ed35f84f37e8ee51aeaf1f98af8,5,5,5,300,300
3898fe577950ff16632ac4473ba38f1aef1ced2d37993b7e71f91853fe25888b,5,5,5,300,300
38f76ddbd3a306422ea88f684594558f27e8fc102109d0bfbba3be2c1b5bab5a,5,5,5,300,300
3904379c4b06d0739c20c6bc0dc4faf8fd56fa73b5e6aed423d61475f4e2edb1,5,5,5,300,300
3937f660206364a7c58f722a9a46ff740c6bdff91bc32e7af536211f94cb181a,5,5,5,300,300
3d321408e18e9ab67372b4d0eb2c90ad14a3e89d7c434d2440ae49f60d33375a,5,5,5,300,300
3de922211c94d4bc35584dc487f1a181a1e8cc4fbe1dd4ad320d402f14aef2c9,5,5,5,300,300
3e7f5a6553129785e8f11ec9fe5e1ae3a291a01de48ea0012a04bcd256c75657,5,5,5,300,300
3f56c0edeefc278665060df9109a1f9205dbbd0b8a3b70a9df2e31781ea6abaa,5,5,5,300,300
425676021e0468b9f4c721c9b73358b32da3e2f90b00f8d6c7caa813a0d87f6f,5,5,5,300,300
42ad01fdbaddb3fa733b4559be19cd0fd4bee247332696ff67ca974968127b71,5,5,5,300,300
442015f3dc3597d68a8e965f5ca267818bf96c6d828e1f757492abe877b71c83,5,5,5,300,300
47029c9e3c4154d5e3fff43138dfe376a74bbea8a3256ded456ddd18a3f9be53,5,5,5,300,300
4990b14e4bf8694b3f831ab5411a7742eadd388459400dcae3fd5ee48a1fdd51,5,5,5,300,300
4990d2f59560b73a79e12e9350e4cc80250497f2d1afe6d0572d3f5b004c6632,5,5,5,300,300
4ae918f8dff3976812e49cfb2474e7ce596171ae27c1e8fe19c86d511a55756b,5,5,5,300,300
4aeb542e241461bce998c572373a465ac27e1d580595333b9dcbd0730841dcb5,5,5,5,300,300
4b2efa1ffa854b0e6a596e094f0a4acfe2322bf6b0153f4329bbb81e1f847bdc,5,5,5,300,300
4c103b29443b196e928aad53ae3e50bfab17f1096c01f7b0e96faac4dd3163f3,5,5,5,300,300
4ca3b67fa7113d5d0cbbdf6eda1480fcfc3f15b6dca8737fe6413b762e55766f,5,5,5,300,300
4fa3e3a43c4e51fcb0aa3fa5df49b66986cfd384077fbfa4604b656bfb01a091,5,5,5,300,300
501a328e1ae43628c75f818dfe3a38b0cde6941520b90d1907fd38b2a98f0161,5,5,5,300,300
50d12059ca5a90501ee721ae55afc3fa4210176868003fba337af538b6641eec,5,5,5,300,300
50f911f9065e4bffc0fb160b9dd45c31834661cc0d5f8044df5137692e85c8df,5,5,5,300,300
52c0953b14b3319b23fe01e1590e32127b40678ab0304f949003f457f887459b,5,5,5,300,300
52d60eb26eabe98d7485f30acf3ae859bf2fe7ed668c770d313057d32d922c0a,5,5,5,300,300
557ed4619543fa6d9677f4180cf587f28d327ebdb5b4f34a09ae3aaf259cf03c,5,5,5,300,300
5657de29bb33e07e5b99aca109be2cacc4b8cedf73d0cfdb3a93e9402a39ff34,5,5,5,300,300
56b35e6fb2694e45c7bf66fbba6bcc83f1ef7b9834c0bc5c28784e4bf148c9f7,5,5,5,300,300
57bc0a9ac1f7a5e571bb48516c935cbe4d49b37b4b128daae41a783270b0e6f9,5,5,5,300,300
586a24563415d11eab36eda46ee4d3ba4a1c5edb65d260a9ffe87ab19a50e32c,5,5,5,300,300
591731acdb262e5664f7bfeec9ab48373d5703dc4abfd27fa32901b50b6c284c,5,5,5,300,300
59ba22e768bf1ab6536abef6a5e1c8abff46b84c72d973e7504efab2b31eeedb,5,5,5,300,300
5a966d9071c8da094639b7cc4ff4dc4dd109c3aaec1673ec56923e4a2d242cd1,5,5,5,300,300
5b25cba44ba90fe8f54d817af4a2b5039e682f42ffae93e92aa9f9b7d4cdd986,5,5,5,300,300
5c2da56e0dab7230a0fe9387c096f021323675c6d34448b7366e86ebeea6bbcc,5,5,5,300,300
5c7327bd17e789a120da7e550d506af482d060b6ab3ade67b879d685a0f370bb,5,5,5,300,300
5cb3bea4e7e4fb2c9bf38cea2530cba502ccd0199d6e8b044289002fc5b604d4,5,5,5,300,300
5d368ce4075581660d2d3560fd493f976f23428b287d07c7edb01619a504b713,5,5,5,300,300
5df19c1f5ada3e6b3a9b857e75c9864d53cd49b16258e9b26b0f6f9916169a42,5,5,5,300,300
62b1eddbd737f46882561a6dbfeac665138dea0b2fcebc63e8c85c759fcd8d2f,5,5,5,300,300
62b3859ddf05b6b2fde822c797f4ec7d8657852223ed9fb9a14b8c6b989c4e28,5,5,5,300,300
630347619118879afd022a93777d90bf3b5bd69857cd78ca16dd425f41db1d5f,5,5,5,300,300
643f08a08e34cc8706afbb3e95e545566d0a26ea35c06fe0755b9af9768d2ef5,5,5,5,300,300
64f9deb96da759857d9a3167223fc54b4da2ebfc1eb9acbc22b0298279e992e2,5,5,5,300,300
655277787138d5af581176b469d0bb121c1f49cb9c45c745d746c73e2c8f8681,5,5,5,300,300
6a394301f858dda97b8a70d80f9c2d218342ef751f3139146924fec07cc78477,5,5,5,300,300
6ac13ab7f1fdf12b69d6a813f8b2655e51173bf49ee2896ba0ca7b79c05b1f01,5,5,5,300,300
6b537e26de9aa014ade0b9d3c2c40a536f67f8854f3d0240da2336f86584bd2e,5,5,5,300,300
6beb98a34a3c755a2c100a48182cad9fc548102a9ac6a2dcdf86b02a475a2390,5,5,5,300,300
6d8b4e100af8bf3968681a42ce9985d07525eadc320522335d8bb218eed71f82,5,5,5,300,300
6e1bd5e3df1a9db5cd44b46ee59fd60fdb04f61c47ab4e58c939e5e86e1e328b,5,5,5,300,300
710763d1621295aeb48ee124a365e9b6f92bef0e5b3de8af73f44f5330f9859f,5,5,5,300,300
7433552f520e7c605704fb57ad34e49edb29b706881125602f5bee006283cf4e,5,5,5,300,300
743cc08ac269623d8bf19b647a49a979951114e6eea957b9acd6ce7e91251dbd,5,5,5,300,300
7690276acd0c780dcdcdd6f2c1b56f658864835f6343cc106c46f8fd586e2466,5,5,5,300,300
78f82a2c47a60358cbd93e34964ee6eadcd7b05069e550f89500296dbf671c04,5,5,5,300,300
7acb8d44a627b08b5a8188ecddb88fecc0866c6a7930d12239e79f65693dc425,5,5,5,300,300
7af483e712fbdcecbbb6b11507948e13daf8767ee57e628cbb764ea909aff88e,5,5,5,300,300
7c08bda56da52e32be9a361057adcdd20e9c99c1f314190493ffb0f9d5a83a90,5,5,5,300,300
7d091723f2bad8cbb4928e0636129e100567645761fad5ccff4a228446f19f0a,5,5,5,300,300
7f3222c7d0346159edbbddd4e46f40a35861a32b7617db15a61531248127ac51,5,5,5,300,300
7f55100735402ca9006abd149065a7be2f25a6811cc2a834831dfab9ba1873ac,5,5,5,300,300
83e30dbb77a08f52baa11e1ad6fca4d0460a243757bbf394cca06f3f18a028d6,5,5,5,300,300
83f8639b6a324f65732ae6ada214bdf2524bc62250084194ca307f564a8dfeed,5,5,5,300,300
84463cb8c1c7bd509d03be8b8e0aa6a4627f59f3a880220f5cf8ee7a992f0c46,5,5,5,300,300
84c45a133edbc4737b5a13b0729321e4fd7470af00f5cc86a0ff075883792561,5,5,5,300,300
84f7c193c1ceec71a425eea0f36f107801487ac674d455f648e5ba36c5bef678,5,5,5,300,300
853df1bbc4efa92419d2c1ae0669d39409266c281fb63d6ca2ccc80f6c46e04c,5,5,5,300,300
88ae9a9ee22efd05c8b812278bad1ebe1f38d7de94a3adda3523abf7121361d1,5,5,5,300,300
8b8d29fbd7577465b00a459397fa08ed7b9941be37c474435308883ccbe3d85b,5,5,5,300,300
8d34bf43634d9b5c31311ca30f86469f7297de66994e004782e148e8526ccd5f,5,5,5,300,300
8f038b1d6c87a534aefa1504692420a678bfc50fbd02ec47e9f216562e2043d0,5,5,5,300,300
93d0edadd67ded4c741ef66ce0c82ca3ff39028aa06e3a8a98793c7e3f1e0c9f,5,5,5,300,300
93d8b1ec8c2ef6fdad06d43912835345521d708185786d1eee02cb83e6206ff9,5,5,5,300,300
94f2ae7239a94f9bdce86c31f81378289bc6a70c300cf43d5300d4f20b0d5026,5,5,5,300,300
96912a286ca2881074d365df75a0a161493c141e228fe984d0844cd955ce67a1,5,5,5,300,300
96a5f63627cbedf2cb478c6436bdbdb4fc6c892242d1e4aabcf6a87bc35146a2,5,5,5,300,300
97dbbe2b2ce1b42c9b1222c558a05879f59ba42f78d200f2bb90e9e5f45f2d39,5,5,5,300,300
9864b8bd85356fe3fa13730fcde3f8acabcad78dec208e705dacc224493ed553,5,5,5,300,300
997b193b73e77094fc05ad3e9ca02e2312779a0230fecd8f7baf8921007958ae,5,5,5,300,300
99a92e15ebb4ecaf842379a33b337f463cae625ea47a23b1fc9fe748007b27db,5,5,5,300,300
9aeb6c19b4a980bfca081183cf5e787ab3ab7f3b622d1b073c7c129b17ab4666,5,5,5,300,300
9cf492df767605546614e902bb612ffacac3523f4ecc039165230162185b0c26,5,5,5,300,300
9fd55a0d5017a3187f3a7c0a08d6a0d13157227bfaa888f575e56a2856c546bf,5,5,5,300,300
a084be913a4cc06841cc12f1d806f6809ab574fb358f8ea9e84a575a75f4e237,5,5,5,300,300
a2f3fef3d49c8e6730f0a7534a7d1f53399153befed30417ff7ee8828451c5fc,5,5,5,300,300
a49d6f58f235a099613c1d50137d1ca508c8cc571cb045832d76179d093f2d07,5,5,5,300,300
a53a6243e31a883f0b1b2e499a317c7b7fd5964d0b4b82a52f37dcb6756b5d38,5,5,5,300,300
a7800b7913705d000b6d7f8af84a39537da167819fb462afa6b2f47567da1ea5,5,5,5,300,300
a7ecead0e789840871eb68255c4e597ac48937e9bd83910c80030d105577e161,5,5,5,300,300
a8021e72c49f2c9d8c379d47ae526f943baeff40d790d13331c53d735fdfe018,5,5,5,300,300
a90e02397c30bbbe02e08a0c7bce86455547aff4e83333e3eaacb0b6e7b20aa1,5,5,5,300,300
aa92e53335af02781a1b5c2e449118cc4b5909df47779a45e55fa8801b619219,5,5,5,300,300
aafad9fa5769a4de4e340a032309667f22d4beb953c1c38c204d1a1ca6e21730,5,5,5,300,300
add748db72638952d1cbf5a6b44229d38fe3c161855deb6b820893afec35bcc1,5,5,5,300,300
afa6280a569c4c476cf806229edd821c463f5b4f5010411fde2fd830e100dd8c,5,5,5,300,300
b2828ab3e7bf5fff115bca6fd1b212151ed0fad3c978eb3f22f76c038bca71f1,5,5,5,300,300
b2ca01ad777ad4e1f0ff113b8a0d9a1ff629179b39118180d714386bb89ce0f1,5,5,5,300,300
b2fdd35567bb4f13e6c5aa4e10b9be7b260c60ce0a66e68a7de73d4d55fdaa66,5,5,5,300,300
b3dad286b89f0adb9a9608b0206727e282fe7835098d69eadaf5ffd61ea931de,5,5,5,300,300
b42c68ce7e6e5db973f51ae20743e68017abc4aa72ae0595dc18a3af39f8b265,5,5,5,300,300
b543b856f0356c32ec3d31ed48a9acfbab557d23e72343fc0d74cef5ac9fdbf0,5,5,5,300,300
bbf33af9e3310313759c8ccbb7a5b6c7d41bec4a5e8d1e7d98bbef1f02049931,5,5,5,300,300
bc9497a1abfa25d52c788357c381875e734362fe9c00aa643965298f2227422d,5,5,5,300,300
bceb677dfd66e94b9020fd0b35ee7f90b2e58a77b43ab2ce4f125544a2150e42,5,5,5,300,300
bdba995762028fa0c7355302b8409fa5dc83e26a5923c65ec4edd0b7176a04a3,5,5,5,300,300
be00c732dd44e1ba744c96308b8618b0be4bc334ac9135321f6028bc5a888e93,5,5,5,300,300
c01a42b24e829200ac31d97e1a6a64ad52c4223db7c77ce64a7c47331a2f725d,5,5,5,300,300
c13cce5a514fe7fcc7d71a3e165ab5106e425e111541743f4ce9dd22cc132666,5,5,5,300,300
c18235df3ca1a5ac050eab659ab8b9455650c2ee8ac504bd740a3079218abe0d,5,5,5,300,300
c3a4fee94e3afaaa6ea335a161dc044924a71386b1930fab72254a68261c76f4,5,5,5,300,300
c3e6f4c0922eb31e1e4728fac32d120d8e37fa87e7d673e22d957cd547bbd8a8,5,5,5,300,300
c42f491ec9ca94411d0661d0be1863cfd75b668da9ac02842d860ba8dc6286fd,5,5,5,300,300
c4359d4b0716019482914d54ffea98b8d54cea3acf382eca652af6c59b030653,5,5,5,300,300
c4dba90e2e13094cdc0adf53d3112b9257eae4187ce675a21c1a9624f07e3600,5,5,5,300,300
c86fe38dce3227a0bd3c14149b789ed529beb02b03a1958855d97c6a9bd1fd66,5,5,5,300,300
c904e47878d14c6962eb57d4ed98f1e4039b3645b9b3ac0b60e0eaee405b67a9,5,5,5,300,300
c908b2c8791d205335da712c4013db2fb1582544f6dff84afee735aff3921efa,5,5,5,300,300
c9fbf8ca5847bfb4f49d4db1082340bdc17b95393c357b7f5deefaf38cf2bdb7,5,5,5,300,300
cb1a4edf9a9203e453db7f19b81d434f24e1a5bc301238a658c65c8c8381f496,5,5,5,300,300
cb7d14063fe2b56ec4cdc9fc6705bad7343dfa4c496cd62118e06aaad9919b9a,5,5,5,300,300
cc79529efdb685336b161be9c4043308c358f96d54bbde6b8c9d372ce0256da5,5,5,5,300,300
ceaa2ee0519c612047ae99de95df00ec78255fb3a437ccd958df2af1e261dfd9,5,5,5,300,300
ceea7bbf95be49869b2c8c9e796fc43d56f090ef4d4796fba891fcaf98623b51,5,5,5,300,300
d5c201a2b6c41d92f0c0fc0145cec52cb18581f86d199a4c564b8b20f4f9e6fc,5,5,5,300,300
d7825d9b97515a3207c965a659da8883e2f3663ea0dbd5402565a7b9febf5351,5,5,5,300,300
d7f883f87df17bf711df06b2fa59638178650a6caeb61ca6d0ca38a8663df251,5,5,5,300,300
dcb56c6f5a5cc832f667cef456ee0fac637d52c56859a29718a4ed8645fde905,5,5,5,300,300
df311b690110862b1896cda3080c6111cc51abc76b65734befa7d0b74a4df7d2,5,5,5,300,300
df66ab902652c9cb88889a2887cdfa36f9923602a7e7a7003f221bc64966b44b,5,5,5,300,300
e292030d44886d52a6cf589ea94d858d9a87ef494ba322e09c5b17e0aeff4aa6,5,5,5,300,300
e2cc50507fe37ba5889f77cd3692447f890a3dccd0789a42d1d4e56be66391a9,5,5,5,300,300
e5b5dff233432367a9e149e5bbf353f65e31925cd1a0971a3269515306204067,5,5,5,300,300
e703f2b0c699c3493ec4823a64c4bebbd7d885dd7a60c69c86b8d29ae765154c,5,5,5,300,300
e81ef256c30bd9f140ab4f13605ff515609926ae590caf04fd909bc1038e995a,5,5,5,300,300
e8a0c15b06e6b671a5b222d53dd53dd38af218b2533b0770dc4fe63d05c760ad,5,5,5,300,300
e8a1d1fc2711e4801e401ba64458e560e3ede05dddb724b75c2236bafa531535,5,5,5,300,300
e9dffa898ee05c9cb406b9d962acdbe6cd2bdc28bdaa2b2d7a1a20f71c50d64f,5,5,5,300,300
ea369499b97c7cfa1e11a905d8e7f2096a18f58dc1defc815210e6f43456c113,5,5,5,300,300
eb2ae07d8ad42148ca47aaa3691b760c77dc89530ec3d5748f61b4623ee4c57b,5,5,5,300,300
eb8b03c2410ec754150f711ce7312d4e1a22f9f79324435fb1350677bec79242,5,5,5,300,300
ec5af522ef6c862d0bf49ee87ac2bf1be34cf92ddd00ab4b44c60165b30c6e2b,5,5,5,300,300
ed39340b5bc68a350448ad8644e645a6530b456abb8e7f8f1a80c2156ccebe5e,5,5,5,300,300
ed83b0f1152a343a59c99b1250e16a466b489b2e9af29fa5cd99fb1a8f19d0be,5,5,5,300,300
ee9267704017df65d654aedb966834ac88fc2900bd768043105ba7e579e0eed8,5,5,5,300,300
f16ed04d87f5df83fb43650823a60b12745d44f6d67c5f6d49a932e605ff8d39,5,5,5,300,300
f307d7ee2d3532c86013053ac9f9f9b165ce142a9e37b3ebce83bdc526366f4b,5,5,5,300,300
f7c963c3c49be38bb418152bfdc20b3181df92e7bd3be9f3f79f8ab7c3579fb9,5,5,5,300,300
f86f59b2ad807d5b469c7bdef40757aec959ab8c5df033062cec2c6fcb84008f,5,5,5,300,300
f96cb2fca0b5f5f59121ea48e59efc7d25db37dd5d67316d786a8c9d2583eecc,5,5,5,300,300
fad0e8b386998c6f5be48502bc45587b38d831fcd6f38756c604141676288e9a,5,5,5,300,300
fbda4516752afe14b288639f33225087d56d624d9a9679c3853e7ef4af2bdae2,5,5,5,300,300
fde1f841de16138c95390a4e0d242236dd49ef7add0ec14385baa6711e8225fe,5,5,5,300,300
fedf5804cd04c1da28f08effb4a58d7d9a284fb16f652911c0e2e791da82a423,5,5,5,300,300
fffc5f20b56686dd0faad630546ae5dbfde703d2fc0c44b86922da9555e6f5c6,5,5,5,300,300
